Workbook

Sheet products
A1: Worksheet 1:
A3: ProductID | B3: Product | C3: Price
A4: 101 | B4: Product A | C4: 120
A5: 102 | B5: Product B | C5: 150
A6: 103 | B6: Product C | C6: 200
A7: 104 | B7: Product D | C7: 90
A8: 105 | B8: Product E | C8: 220
A9: 106 | B9: Product F | C9: 130

Sheet orders
A1: Order ID | B1: Product ID | C1: Quantity | D1: Total Price
A2: 1 | B2: 101 | C2: 2
A3: 2 | B3: 103 | C3: 1
A4: 3 | B4: 105 | C4: 4 | L4: Product ID | M4: Order ID | N4: Quantity | O4: Product | P4: Price | Q4: Total Price | R4: Result | S4: discounted price | T4: order value | U4: max value | V4: order status
A5: 4 | B5: 106 | C5: 3 | L5: 101 | M5: 1 | N5: 2 | O5: =VLOOKUP($L5,products!$A$3:$C$9,2,0) -> Product A | P5: =VLOOKUP($L5,products!$A$3:$C$9,3,0) -> 120 | Q5: =P5*N5 -> 240 | R5: =IF(ISNA(VLOOKUP($L5,products!$A$3:$C$9,1,0)),"Not Exist","Exist") -> Exist | S5: =VLOOKUP(L5,products!$A$3:$C$9,3,0)*10/100 -> 12 | T5: =VLOOKUP(L5,products!$A$3:$C$9,3,0)*VLOOKUP(orders!M5,orders!$A$1:$C$7,3,0) -> 240 | U5: =MAX(T5:T10) -> 880 | V5: =IF(ISNA(VLOOKUP($L5,products!$A$3:$C$9,1,0)),"Not ordered","ordered") -> ordered
A6: 5 | B6: 102 | C6: 5 | L6: 103 | M6: 2 | N6: 1 | O6: =VLOOKUP($L6,products!$A$3:$C$9,2,0) -> Product C | P6: =VLOOKUP($L6,products!$A$3:$C$9,3,0) -> 200 | Q6: =P6*N6 -> 200 | R6: =IF(ISNA(VLOOKUP($L6,products!$A$3:$C$9,1,0)),"Not Exist","Exist") -> Exist | S6: =VLOOKUP(L6,products!$A$3:$C$9,3,0)*10/100 -> 20 | T6: =VLOOKUP(L6,products!$A$3:$C$9,3,0)*VLOOKUP(orders!M6,orders!$A$1:$C$7,3,0) -> 200 | V6: =IF(ISNA(VLOOKUP($L6,products!$A$3:$C$9,1,0)),"Not ordered","ordered") -> ordered
A7: 6 | B7: 104 | C7: 6 | L7: 105 | M7: 3 | N7: 4 | O7: =VLOOKUP($L7,products!$A$3:$C$9,2,0) -> Product E | P7: =VLOOKUP($L7,products!$A$3:$C$9,3,0) -> 220 | Q7: =P7*N7 -> 880 | R7: =IF(ISNA(VLOOKUP($L7,products!$A$3:$C$9,1,0)),"Not Exist","Exist") -> Exist | S7: =VLOOKUP(L7,products!$A$3:$C$9,3,0)*10/100 -> 22 | T7: =VLOOKUP(L7,products!$A$3:$C$9,3,0)*VLOOKUP(orders!M7,orders!$A$1:$C$7,3,0) -> 880 | V7: =IF(ISNA(VLOOKUP($L7,products!$A$3:$C$9,1,0)),"Not ordered","ordered") -> ordered
L8: 106 | M8: 4 | N8: 3 | O8: =VLOOKUP($L8,products!$A$3:$C$9,2,0) -> Product F | P8: =VLOOKUP($L8,products!$A$3:$C$9,3,0) -> 130 | Q8: =P8*N8 -> 390 | R8: =IF(ISNA(VLOOKUP($L8,products!$A$3:$C$9,1,0)),"Not Exist","Exist") -> Exist | S8: =VLOOKUP(L8,products!$A$3:$C$9,3,0)*10/100 -> 13 | T8: =VLOOKUP(L8,products!$A$3:$C$9,3,0)*VLOOKUP(orders!M8,orders!$A$1:$C$7,3,0) -> 390 | V8: =IF(ISNA(VLOOKUP($L8,products!$A$3:$C$9,1,0)),"Not ordered","ordered") -> ordered
L9: 102 | M9: 5 | N9: 5 | O9: =VLOOKUP($L9,products!$A$3:$C$9,2,0) -> Product B | P9: =VLOOKUP($L9,products!$A$3:$C$9,3,0) -> 150 | Q9: =P9*N9 -> 750 | R9: =IF(ISNA(VLOOKUP($L9,products!$A$3:$C$9,1,0)),"Not Exist","Exist") -> Exist | S9: =VLOOKUP(L9,products!$A$3:$C$9,3,0)*10/100 -> 15 | T9: =VLOOKUP(L9,products!$A$3:$C$9,3,0)*VLOOKUP(orders!M9,orders!$A$1:$C$7,3,0) -> 750 | V9: =IF(ISNA(VLOOKUP($L9,products!$A$3:$C$9,1,0)),"Not ordered","ordered") -> ordered
A10: 1. Use VLOOKUP to find the product names for each ProductID in the Orders | L10: 104 | M10: 6 | N10: 6 | O10: =VLOOKUP($L10,products!$A$3:$C$9,2,0) -> Product D | P10: =VLOOKUP($L10,products!$A$3:$C$9,3,0) -> 90 | Q10: =P10*N10 -> 540 | R10: =IF(ISNA(VLOOKUP($L10,products!$A$3:$C$9,1,0)),"Not Exist","Exist") -> Exist | S10: =VLOOKUP(L10,products!$A$3:$C$9,3,0)*10/100 -> 9 | T10: =VLOOKUP(L10,products!$A$3:$C$9,3,0)*VLOOKUP(orders!M10,orders!$A$1:$C$7,3,0) -> 540 | V10: =IF(ISNA(VLOOKUP($L10,products!$A$3:$C$9,1,0)),"Not ordered","ordered") -> ordered
A11: worksheet. | L11: 107 | M11: 7 | N11: 7 | O11: product G | P11: 145 | Q11: =P11*N11 -> 1015 | R11: =IF(ISNA(VLOOKUP($L11,products!$A$3:$C$9,1,0)),"Not Exist","Exist") -> Not Exist | S11: =_xlfn.IFNA((VLOOKUP(L11,products!$A$3:$C$9,3,0)*10/100),"not exist") -> not exist | T11: =_xlfn.IFNA(VLOOKUP(L11,products!$A$3:$C$9,3,0)*VLOOKUP(orders!M11,orders!$A$1:$C$7,3,0),"not exist") -> not exist | V11: =IF(ISNA(VLOOKUP($L11,products!$A$3:$C$9,1,0)),"Not ordered","ordered") -> Not ordered
A12: 2. Use VLOOKUP to find the price for each ProductID in the Orders worksheet, then
A13: calculate the TotalPrice by multiplying the Quantity by the Product Price.
A14: 3. Use VLOOKUP to check if there are any ProductIDs in the Orders worksheet that
A15: do not exist in the Products worksheet. | Q15: Product ID | R15: Product | S15: total quantity sold
A16: 4. Assume a discount of 10% is given on all products. Use VLOOKUP to find the | Q16: 101 | R16: Product A | S16: =VLOOKUP(Q16,B1:D7,2,0) -> 2
A17: original price and then calculate the discounted price. | Q17: 103 | R17: Product B | S17: =VLOOKUP(Q17,B2:D8,2,0) -> 1
A18: 5. Use VLOOKUP to find the price for each ProductID and then calculate the order | Q18: 105 | R18: Product C | S18: =VLOOKUP(Q18,B3:D9,2,0) -> 4
A19: value. Find the maximum order value from the list. | Q19: 106 | R19: Product D | S19: =VLOOKUP(Q19,B4:D10,2,0) -> 3
A20: 6. Use VLOOKUP to find out which products from the Products worksheet have not | Q20: 102 | R20: Product E | S20: =VLOOKUP(Q20,B5:D11,2,0) -> 5
A21: been ordered. | Q21: 104 | R21: Product F | S21: =VLOOKUP(Q21,B6:D12,2,0) -> 6
A22: 7. Use VLOOKUP to find the Product name and summarize the total quantity sold
A23: for each product.
